<?xml version="1.0" encoding="UTF-8"?>
<repomd xmlns="http://linux.duke.edu/metadata/repo" xmlns:rpm="http://linux.duke.edu/metadata/rpm">
 <revision>1492042842</revision>
<data type="filelists">
  <checksum type="sha256">c77dbe22f8bf613410479174311f58b4d85321bec173a7a052eaa9edf2d10578</checksum>
  <open-checksum type="sha256">83f85395644fa902dbbc3e79a0301895009fa8687128c03a1009832712f52240</open-checksum>
  <location href="repodata/c77dbe22f8bf613410479174311f58b4d85321bec173a7a052eaa9edf2d10578-filelists.xml.gz"/>
  <timestamp>1492042842</timestamp>
  <size>561</size>
  <open-size>1525</open-size>
</data>
<data type="primary">
  <checksum type="sha256">0e9e745bb944f9a1e8d8d1578d120d5506df420af5fb0e25886e67ad7ee7b598</checksum>
  <open-checksum type="sha256">86aa24d1972d0a4ca705950ef7ba572589d15d288aad7b6c1e3fceef12e6b07e</open-checksum>
  <location href="repodata/0e9e745bb944f9a1e8d8d1578d120d5506df420af5fb0e25886e67ad7ee7b598-primary.xml.gz"/>
  <timestamp>1492042842</timestamp>
  <size>1394</size>
  <open-size>6229</open-size>
</data>
<data type="primary_db">
  <checksum type="sha256">af3cc7d28fce653fa5dc115855be4e205fe5527cdd9d9f4cd850bd3da244d4db</checksum>
  <open-checksum type="sha256">9b4f2f568c8691e6fc37c424e7ed35f2ed01349fde5d631983f1f64db2fae0be</open-checksum>
  <location href="repodata/af3cc7d28fce653fa5dc115855be4e205fe5527cdd9d9f4cd850bd3da244d4db-primary.sqlite.bz2"/>
  <timestamp>1492042842</timestamp>
  <database_version>10</database_version>
  <size>3621</size>
  <open-size>32768</open-size>
</data>
<data type="other_db">
  <checksum type="sha256">18fdf0e35a87dc79310c91b24becb1ba55d9a0d66ad13a3d06a609772f7faf1d</checksum>
  <open-checksum type="sha256">06f7361e1ac9789e98be662c134f7b33163cbeb6616f0ead1d7e811a051c8b73</open-checksum>
  <location href="repodata/18fdf0e35a87dc79310c91b24becb1ba55d9a0d66ad13a3d06a609772f7faf1d-other.sqlite.bz2"/>
  <timestamp>1492042842</timestamp>
  <database_version>10</database_version>
  <size>2150</size>
  <open-size>11264</open-size>
</data>
<data type="other">
  <checksum type="sha256">c41df35088fe50d81198ea584995d8d18c20786fc593baa42bab6c4579855680</checksum>
  <open-checksum type="sha256">dd8925c52cf8e1e471abc610738de4c60702d856e8597623f8f8f90baf9d246d</open-checksum>
  <location href="repodata/c41df35088fe50d81198ea584995d8d18c20786fc593baa42bab6c4579855680-other.xml.gz"/>
  <timestamp>1492042842</timestamp>
  <size>891</size>
  <open-size>7376</open-size>
</data>
<data type="filelists_db">
  <checksum type="sha256">0369af7228c2f4baa6e54ef15b26da6e70a3d988ee2165eeaef9a3bb11fb32eb</checksum>
  <open-checksum type="sha256">25047793507a0f05219bf447de55235de7ffa172c7f70fa22f4f0b7d94604631</open-checksum>
  <location href="repodata/0369af7228c2f4baa6e54ef15b26da6e70a3d988ee2165eeaef9a3bb11fb32eb-filelists.sqlite.bz2"/>
  <timestamp>1492042842</timestamp>
  <database_version>10</database_version>
  <size>1312</size>
  <open-size>7168</open-size>
</data>
</repomd>
